,Month,UniqueCarrier,Distance,Cancelled,CancellationCode
0,Apr-08,Pinnacle Airlines,479.567774936,391.0,Carrier Delay
1,Apr-08,Pinnacle Airlines,465.152542373,59.0,Weather Delay
2,Apr-08,Pinnacle Airlines,443.96875,64.0,National Airspace System Delay
3,Apr-08,American Airlines,900.115530303,3696.0,Carrier Delay
4,Apr-08,American Airlines,781.06870229,131.0,Weather Delay
5,Apr-08,American Airlines,948.626373626,91.0,National Airspace System Delay
6,Apr-08,Alaska Airlines,748.318518519,135.0,Carrier Delay
7,Apr-08,Alaska Airlines,419.260869565,23.0,Weather Delay
8,Apr-08,JetBlue Airways,728.372093023,43.0,Carrier Delay
9,Apr-08,JetBlue Airways,668.981818182,55.0,Weather Delay
10,Apr-08,JetBlue Airways,1132.72413793,29.0,National Airspace System Delay
11,Apr-08,Continental Express,985.88,50.0,Carrier Delay
12,Apr-08,Continental Express,719.909090909,33.0,Weather Delay
13,Apr-08,Continental Express,1209.75,4.0,National Airspace System Delay
14,Apr-08,Delta Air Lines,628.853982301,226.0,Carrier Delay
15,Apr-08,Delta Air Lines,460.935483871,31.0,Weather Delay
16,Apr-08,Delta Air Lines,298.435483871,62.0,National Airspace System Delay
17,Apr-08,Atlantic Southeast Airlines,449.517241379,29.0,Carrier Delay
18,Apr-08,Atlantic Southeast Airlines,283.588235294,17.0,Weather Delay
19,Apr-08,Atlantic Southeast Airlines,374.27027027,74.0,National Airspace System Delay
20,Apr-08,Frontier Airlines,882.857142857,7.0,Carrier Delay
21,Apr-08,AirTran Airways,609.234567901,81.0,Carrier Delay
22,Apr-08,AirTran Airways,538.375,8.0,Weather Delay
23,Apr-08,AirTran Airways,698.025,40.0,National Airspace System Delay
24,Apr-08,Hawaiian Airlines,189.137931034,29.0,Carrier Delay
25,Apr-08,American Eagle Airlines,451.360424028,283.0,Carrier Delay
26,Apr-08,American Eagle Airlines,361.471428571,350.0,Weather Delay
27,Apr-08,American Eagle Airlines,357.812834225,374.0,National Airspace System Delay
28,Apr-08,Northwest Airlines,499.098360656,122.0,Carrier Delay
29,Apr-08,Northwest Airlines,468.416666667,36.0,Weather Delay
30,Apr-08,Northwest Airlines,593.431372549,51.0,National Airspace System Delay
31,Apr-08,Comair,558.631578947,76.0,Carrier Delay
32,Apr-08,Comair,457.732954545,176.0,Weather Delay
33,Apr-08,Comair,571.5625,16.0,National Airspace System Delay
34,Apr-08,SkyWest,346.697986577,298.0,Carrier Delay
35,Apr-08,SkyWest,315.384279476,229.0,Weather Delay
36,Apr-08,SkyWest,338.005555556,180.0,National Airspace System Delay
37,Apr-08,United Airlines,929.631578947,494.0,Carrier Delay
38,Apr-08,United Airlines,710.797101449,138.0,Weather Delay
39,Apr-08,United Airlines,668.48,50.0,National Airspace System Delay
40,Apr-08,US Airways,589.817910448,335.0,Carrier Delay
41,Apr-08,US Airways,274.0,26.0,Weather Delay
42,Apr-08,US Airways,418.87037037,54.0,National Airspace System Delay
43,Apr-08,Southwest Airlines,433.159474672,533.0,Carrier Delay
44,Apr-08,Southwest Airlines,489.380952381,21.0,National Airspace System Delay
45,Apr-08,ExpressJet,545.966666667,30.0,Carrier Delay
46,Apr-08,ExpressJet,416.213114754,61.0,Weather Delay
47,Apr-08,ExpressJet,512.361502347,213.0,National Airspace System Delay
48,Apr-08,Mesa Airlines,335.788546256,454.0,Carrier Delay
49,Apr-08,Mesa Airlines,290.216981132,106.0,Weather Delay
50,Apr-08,Mesa Airlines,321.796680498,241.0,National Airspace System Delay
51,Aug-08,Pinnacle Airlines,505.991150442,113.0,Carrier Delay
52,Aug-08,Pinnacle Airlines,509.772727273,44.0,Weather Delay
53,Aug-08,Pinnacle Airlines,502.684210526,19.0,National Airspace System Delay
54,Aug-08,American Airlines,889.59688826,707.0,Carrier Delay
55,Aug-08,American Airlines,893.877245509,334.0,Weather Delay
56,Aug-08,American Airlines,942.958083832,167.0,National Airspace System Delay
57,Aug-08,Alaska Airlines,1037.92857143,112.0,Carrier Delay
58,Aug-08,Alaska Airlines,757.0,42.0,Weather Delay
59,Aug-08,JetBlue Airways,1134.11320755,53.0,Carrier Delay
60,Aug-08,JetBlue Airways,998.304780876,502.0,Weather Delay
61,Aug-08,JetBlue Airways,187.0,2.0,National Airspace System Delay
62,Aug-08,Continental Express,1070.85964912,57.0,Carrier Delay
63,Aug-08,Continental Express,623.684615385,130.0,Weather Delay
64,Aug-08,Continental Express,320.0,6.0,National Airspace System Delay
65,Aug-08,Delta Air Lines,654.694656489,262.0,Carrier Delay
66,Aug-08,Delta Air Lines,502.75,120.0,Weather Delay
67,Aug-08,Delta Air Lines,491.158139535,215.0,National Airspace System Delay
68,Aug-08,Atlantic Southeast Airlines,398.261780105,191.0,Carrier Delay
69,Aug-08,Atlantic Southeast Airlines,347.25,132.0,Weather Delay
70,Aug-08,Atlantic Southeast Airlines,409.916666667,204.0,National Airspace System Delay
71,Aug-08,Frontier Airlines,1287.4,5.0,Carrier Delay
72,Aug-08,Frontier Airlines,876.315789474,19.0,Weather Delay
73,Aug-08,AirTran Airways,595.880597015,67.0,Carrier Delay
74,Aug-08,AirTran Airways,542.892307692,65.0,Weather Delay
75,Aug-08,AirTran Airways,561.214285714,42.0,National Airspace System Delay
76,Aug-08,Hawaiian Airlines,149.446808511,47.0,Carrier Delay
77,Aug-08,American Eagle Airlines,441.200757576,264.0,Carrier Delay
78,Aug-08,American Eagle Airlines,372.240469208,341.0,Weather Delay
79,Aug-08,American Eagle Airlines,367.891459075,562.0,National Airspace System Delay
80,Aug-08,Northwest Airlines,560.262295082,61.0,Carrier Delay
81,Aug-08,Northwest Airlines,710.227272727,22.0,Weather Delay
82,Aug-08,Northwest Airlines,685.803571429,56.0,National Airspace System Delay
83,Aug-08,Comair,389.014705882,136.0,Carrier Delay
84,Aug-08,Comair,450.606707317,656.0,Weather Delay
85,Aug-08,Comair,342.375,8.0,National Airspace System Delay
86,Aug-08,SkyWest,341.75974026,154.0,Carrier Delay
87,Aug-08,SkyWest,383.442028986,138.0,Weather Delay
88,Aug-08,SkyWest,398.95505618,89.0,National Airspace System Delay
89,Aug-08,United Airlines,865.066213922,589.0,Carrier Delay
90,Aug-08,United Airlines,906.862433862,189.0,Weather Delay
91,Aug-08,United Airlines,806.212121212,66.0,National Airspace System Delay
92,Aug-08,US Airways,795.721362229,323.0,Carrier Delay
93,Aug-08,US Airways,822.3125,144.0,Weather Delay
94,Aug-08,US Airways,410.185365854,205.0,National Airspace System Delay
95,Aug-08,Southwest Airlines,424.29022082,317.0,Carrier Delay
96,Aug-08,Southwest Airlines,748.956521739,253.0,Weather Delay
97,Aug-08,Southwest Airlines,367.666666667,15.0,National Airspace System Delay
98,Aug-08,ExpressJet,593.542857143,105.0,Carrier Delay
99,Aug-08,ExpressJet,559.755244755,429.0,Weather Delay
100,Aug-08,ExpressJet,574.110210697,617.0,National Airspace System Delay
101,Aug-08,Mesa Airlines,376.519031142,289.0,Carrier Delay
102,Aug-08,Mesa Airlines,430.681818182,22.0,Weather Delay
103,Aug-08,Mesa Airlines,378.7421875,128.0,National Airspace System Delay
104,Dec-08,Pinnacle Airlines,441.991084695,673.0,Carrier Delay
105,Dec-08,Pinnacle Airlines,404.838966203,503.0,Weather Delay
106,Dec-08,Pinnacle Airlines,446.477272727,132.0,National Airspace System Delay
107,Dec-08,American Airlines,1020.01511335,397.0,Carrier Delay
108,Dec-08,American Airlines,1028.76614699,449.0,Weather Delay
109,Dec-08,American Airlines,835.122641509,212.0,National Airspace System Delay
110,Dec-08,Alaska Airlines,776.775510204,98.0,Carrier Delay
111,Dec-08,Alaska Airlines,918.10056926,527.0,Weather Delay
112,Dec-08,Alaska Airlines,679.0,2.0,National Airspace System Delay
113,Dec-08,JetBlue Airways,985.631578947,57.0,Carrier Delay
114,Dec-08,JetBlue Airways,950.244075829,422.0,Weather Delay
115,Dec-08,JetBlue Airways,1004.83333333,6.0,National Airspace System Delay
116,Dec-08,Continental Express,1127.75294118,85.0,Carrier Delay
117,Dec-08,Continental Express,1182.96511628,344.0,Weather Delay
118,Dec-08,Continental Express,1188.57142857,7.0,National Airspace System Delay
119,Dec-08,Delta Air Lines,685.718146718,259.0,Carrier Delay
120,Dec-08,Delta Air Lines,995.107883817,241.0,Weather Delay
121,Dec-08,Delta Air Lines,470.177777778,180.0,National Airspace System Delay
122,Dec-08,Atlantic Southeast Airlines,396.945544554,202.0,Carrier Delay
123,Dec-08,Atlantic Southeast Airlines,516.807121662,337.0,Weather Delay
124,Dec-08,Atlantic Southeast Airlines,396.767068273,249.0,National Airspace System Delay
125,Dec-08,Frontier Airlines,716.666666667,15.0,Carrier Delay
126,Dec-08,Frontier Airlines,840.166666667,54.0,Weather Delay
127,Dec-08,Frontier Airlines,846.0,2.0,National Airspace System Delay
128,Dec-08,AirTran Airways,608.30952381,42.0,Carrier Delay
129,Dec-08,AirTran Airways,772.741626794,209.0,Weather Delay
130,Dec-08,AirTran Airways,596.87804878,41.0,National Airspace System Delay
131,Dec-08,Hawaiian Airlines,295.338709677,124.0,Carrier Delay
132,Dec-08,Hawaiian Airlines,2664.66666667,6.0,Weather Delay
133,Dec-08,American Eagle Airlines,388.882736156,307.0,Carrier Delay
134,Dec-08,American Eagle Airlines,376.936350778,1414.0,Weather Delay
135,Dec-08,American Eagle Airlines,352.469578783,641.0,National Airspace System Delay
136,Dec-08,Northwest Airlines,713.310810811,74.0,Carrier Delay
137,Dec-08,Northwest Airlines,581.646341463,246.0,Weather Delay
138,Dec-08,Northwest Airlines,1036.20481928,83.0,National Airspace System Delay
139,Dec-08,Comair,499.751243781,201.0,Carrier Delay
140,Dec-08,Comair,479.595673877,601.0,Weather Delay
141,Dec-08,Comair,428.737704918,61.0,National Airspace System Delay
142,Dec-08,SkyWest,403.361979167,384.0,Carrier Delay
143,Dec-08,SkyWest,314.509569378,1254.0,Weather Delay
144,Dec-08,SkyWest,346.357308585,431.0,National Airspace System Delay
145,Dec-08,United Airlines,866.446564885,262.0,Carrier Delay
146,Dec-08,United Airlines,765.368992248,645.0,Weather Delay
147,Dec-08,United Airlines,811.279569892,93.0,National Airspace System Delay
148,Dec-08,US Airways,691.062663185,383.0,Carrier Delay
149,Dec-08,US Airways,686.77016129,248.0,Weather Delay
150,Dec-08,US Airways,497.427480916,131.0,National Airspace System Delay
151,Dec-08,Southwest Airlines,473.591658584,1031.0,Carrier Delay
152,Dec-08,Southwest Airlines,673.540630182,1206.0,Weather Delay
153,Dec-08,Southwest Airlines,537.303571429,56.0,National Airspace System Delay
154,Dec-08,ExpressJet,475.466666667,15.0,Carrier Delay
155,Dec-08,ExpressJet,521.669518717,935.0,Weather Delay
156,Dec-08,ExpressJet,557.128279883,343.0,National Airspace System Delay
157,Dec-08,Mesa Airlines,328.074688797,241.0,Carrier Delay
158,Dec-08,Mesa Airlines,292.281795511,401.0,Weather Delay
159,Dec-08,Mesa Airlines,281.119815668,217.0,National Airspace System Delay
160,Feb-08,Pinnacle Airlines,441.430678466,678.0,Carrier Delay
161,Feb-08,Pinnacle Airlines,406.881632653,490.0,Weather Delay
162,Feb-08,Pinnacle Airlines,355.177966102,118.0,National Airspace System Delay
163,Feb-08,American Airlines,1088.55646259,735.0,Carrier Delay
164,Feb-08,American Airlines,913.826594789,1113.0,Weather Delay
165,Feb-08,American Airlines,877.253863135,453.0,National Airspace System Delay
166,Feb-08,Aloha Airlines,721.411764706,17.0,Carrier Delay
167,Feb-08,Alaska Airlines,788.435114504,131.0,Carrier Delay
168,Feb-08,Alaska Airlines,506.222222222,63.0,Weather Delay
169,Feb-08,Alaska Airlines,1362.91666667,12.0,National Airspace System Delay
170,Feb-08,JetBlue Airways,1188.0,29.0,Carrier Delay
171,Feb-08,JetBlue Airways,901.160714286,336.0,Weather Delay
172,Feb-08,Continental Express,819.648148148,54.0,Carrier Delay
173,Feb-08,Continental Express,920.393258427,356.0,Weather Delay
174,Feb-08,Continental Express,938.0,1.0,National Airspace System Delay
175,Feb-08,Delta Air Lines,853.668449198,187.0,Carrier Delay
176,Feb-08,Delta Air Lines,765.46130031,323.0,Weather Delay
177,Feb-08,Delta Air Lines,582.69047619,168.0,National Airspace System Delay
178,Feb-08,Atlantic Southeast Airlines,436.145728643,199.0,Carrier Delay
179,Feb-08,Atlantic Southeast Airlines,584.659090909,352.0,Weather Delay
180,Feb-08,Atlantic Southeast Airlines,434.551724138,58.0,National Airspace System Delay
181,Feb-08,Atlantic Southeast Airlines,171.0,2.0,Security Delay
182,Feb-08,Frontier Airlines,967.0,3.0,Carrier Delay
183,Feb-08,Frontier Airlines,934.263157895,38.0,Weather Delay
184,Feb-08,AirTran Airways,606.222222222,72.0,Carrier Delay
185,Feb-08,AirTran Airways,707.848958333,192.0,Weather Delay
186,Feb-08,AirTran Airways,711.870967742,31.0,National Airspace System Delay
187,Feb-08,Hawaiian Airlines,100.545454545,11.0,Carrier Delay
188,Feb-08,American Eagle Airlines,396.782978723,470.0,Carrier Delay
189,Feb-08,American Eagle Airlines,386.969934641,1530.0,Weather Delay
190,Feb-08,American Eagle Airlines,370.210731707,1025.0,National Airspace System Delay
191,Feb-08,Northwest Airlines,649.766917293,133.0,Carrier Delay
192,Feb-08,Northwest Airlines,417.461864407,236.0,Weather Delay
193,Feb-08,Northwest Airlines,457.796703297,182.0,National Airspace System Delay
194,Feb-08,Comair,499.129032258,124.0,Carrier Delay
195,Feb-08,Comair,488.315957447,940.0,Weather Delay
196,Feb-08,Comair,396.571428571,7.0,National Airspace System Delay
197,Feb-08,SkyWest,409.193732194,351.0,Carrier Delay
198,Feb-08,SkyWest,381.095057034,789.0,Weather Delay
199,Feb-08,SkyWest,324.248979592,980.0,National Airspace System Delay
200,Feb-08,United Airlines,944.681541582,493.0,Carrier Delay
201,Feb-08,United Airlines,818.392712551,741.0,Weather Delay
202,Feb-08,United Airlines,628.561403509,285.0,National Airspace System Delay
203,Feb-08,US Airways,718.168253968,315.0,Carrier Delay
204,Feb-08,US Airways,453.623809524,210.0,Weather Delay
205,Feb-08,US Airways,644.865979381,194.0,National Airspace System Delay
206,Feb-08,Southwest Airlines,470.467571644,663.0,Carrier Delay
207,Feb-08,Southwest Airlines,736.351976856,1037.0,Weather Delay
208,Feb-08,Southwest Airlines,421.113402062,97.0,National Airspace System Delay
209,Feb-08,ExpressJet,564.205479452,73.0,Carrier Delay
210,Feb-08,ExpressJet,503.555555556,882.0,Weather Delay
211,Feb-08,ExpressJet,491.176744186,430.0,National Airspace System Delay
212,Feb-08,Mesa Airlines,415.50591716,1352.0,Carrier Delay
213,Feb-08,Mesa Airlines,329.268472906,406.0,Weather Delay
214,Feb-08,Mesa Airlines,404.857808858,429.0,National Airspace System Delay
215,Jan-08,Pinnacle Airlines,426.158666667,750.0,Carrier Delay
216,Jan-08,Pinnacle Airlines,368.845659164,311.0,Weather Delay
217,Jan-08,Pinnacle Airlines,346.236111111,72.0,National Airspace System Delay
218,Jan-08,American Airlines,1056.8034398,814.0,Carrier Delay
219,Jan-08,American Airlines,929.476608187,342.0,Weather Delay
220,Jan-08,American Airlines,863.846307385,501.0,National Airspace System Delay
221,Jan-08,Aloha Airlines,686.84,25.0,Carrier Delay
222,Jan-08,Alaska Airlines,706.464435146,239.0,Carrier Delay
223,Jan-08,Alaska Airlines,528.822916667,96.0,Weather Delay
224,Jan-08,Alaska Airlines,976.9,20.0,National Airspace System Delay
225,Jan-08,JetBlue Airways,832.876777251,211.0,Carrier Delay
226,Jan-08,Continental Express,917.483870968,31.0,Carrier Delay
227,Jan-08,Continental Express,985.905063291,158.0,Weather Delay
228,Jan-08,Continental Express,472.5,4.0,National Airspace System Delay
229,Jan-08,Delta Air Lines,890.530405405,296.0,Carrier Delay
230,Jan-08,Delta Air Lines,718.475294118,850.0,Weather Delay
231,Jan-08,Delta Air Lines,456.226415094,53.0,National Airspace System Delay
232,Jan-08,Atlantic Southeast Airlines,454.440298507,134.0,Carrier Delay
233,Jan-08,Atlantic Southeast Airlines,472.851365015,989.0,Weather Delay
234,Jan-08,Atlantic Southeast Airlines,482.8,5.0,National Airspace System Delay
235,Jan-08,Frontier Airlines,843.666666667,3.0,Carrier Delay
236,Jan-08,Frontier Airlines,1014.09090909,11.0,Weather Delay
237,Jan-08,AirTran Airways,558.865384615,52.0,Carrier Delay
238,Jan-08,AirTran Airways,633.739393939,165.0,Weather Delay
239,Jan-08,AirTran Airways,670.952380952,21.0,National Airspace System Delay
240,Jan-08,Hawaiian Airlines,258.694444444,36.0,Carrier Delay
241,Jan-08,American Eagle Airlines,399.633986928,459.0,Carrier Delay
242,Jan-08,American Eagle Airlines,343.910821643,998.0,Weather Delay
243,Jan-08,American Eagle Airlines,349.702020202,990.0,National Airspace System Delay
244,Jan-08,Northwest Airlines,642.453333333,75.0,Carrier Delay
245,Jan-08,Northwest Airlines,438.094488189,127.0,Weather Delay
246,Jan-08,Northwest Airlines,400.844155844,77.0,National Airspace System Delay
247,Jan-08,Comair,470.409836066,183.0,Carrier Delay
248,Jan-08,Comair,473.726415094,318.0,Weather Delay
249,Jan-08,SkyWest,409.407572383,449.0,Carrier Delay
250,Jan-08,SkyWest,303.189031505,857.0,Weather Delay
251,Jan-08,SkyWest,284.702702703,1258.0,National Airspace System Delay
252,Jan-08,United Airlines,1018.90249187,923.0,Carrier Delay
253,Jan-08,United Airlines,934.243169399,366.0,Weather Delay
254,Jan-08,United Airlines,630.536458333,192.0,National Airspace System Delay
255,Jan-08,US Airways,585.317934783,368.0,Carrier Delay
256,Jan-08,US Airways,573.634615385,156.0,Weather Delay
257,Jan-08,US Airways,589.732394366,142.0,National Airspace System Delay
258,Jan-08,Southwest Airlines,485.687413555,723.0,Carrier Delay
259,Jan-08,Southwest Airlines,515.294871795,312.0,Weather Delay
260,Jan-08,Southwest Airlines,392.72815534,103.0,National Airspace System Delay
261,Jan-08,ExpressJet,599.727272727,77.0,Carrier Delay
262,Jan-08,ExpressJet,400.742160279,287.0,Weather Delay
263,Jan-08,ExpressJet,479.087866109,239.0,National Airspace System Delay
264,Jan-08,Mesa Airlines,407.231257942,787.0,Carrier Delay
265,Jan-08,Mesa Airlines,351.668478261,368.0,Weather Delay
266,Jan-08,Mesa Airlines,385.438596491,285.0,National Airspace System Delay
267,Jul-08,Pinnacle Airlines,445.239263804,163.0,Carrier Delay
268,Jul-08,Pinnacle Airlines,339.8,25.0,Weather Delay
269,Jul-08,Pinnacle Airlines,506.929292929,99.0,National Airspace System Delay
270,Jul-08,American Airlines,1042.97357724,492.0,Carrier Delay
271,Jul-08,American Airlines,880.795454545,176.0,Weather Delay
272,Jul-08,American Airlines,1001.2781457,151.0,National Airspace System Delay
273,Jul-08,Alaska Airlines,934.410958904,73.0,Carrier Delay
274,Jul-08,Alaska Airlines,320.235294118,17.0,Weather Delay
275,Jul-08,Alaska Airlines,679.0,8.0,National Airspace System Delay
276,Jul-08,JetBlue Airways,1046.06796117,103.0,Carrier Delay
277,Jul-08,JetBlue Airways,1134.6462585,441.0,Weather Delay
278,Jul-08,JetBlue Airways,518.222222222,9.0,National Airspace System Delay
279,Jul-08,Continental Express,796.28057554,139.0,Carrier Delay
280,Jul-08,Continental Express,912.145985401,137.0,Weather Delay
281,Jul-08,Continental Express,935.285714286,21.0,National Airspace System Delay
282,Jul-08,Delta Air Lines,616.538126362,459.0,Carrier Delay
283,Jul-08,Delta Air Lines,502.693950178,281.0,Weather Delay
284,Jul-08,Delta Air Lines,513.090909091,165.0,National Airspace System Delay
285,Jul-08,Atlantic Southeast Airlines,381.255319149,141.0,Carrier Delay
286,Jul-08,Atlantic Southeast Airlines,570.389830508,59.0,Weather Delay
287,Jul-08,Atlantic Southeast Airlines,395.277777778,504.0,National Airspace System Delay
288,Jul-08,Frontier Airlines,530.923076923,13.0,Carrier Delay
289,Jul-08,Frontier Airlines,1619.0,4.0,Weather Delay
290,Jul-08,AirTran Airways,641.225433526,173.0,Carrier Delay
291,Jul-08,AirTran Airways,563.289473684,76.0,Weather Delay
292,Jul-08,AirTran Airways,574.305555556,36.0,National Airspace System Delay
293,Jul-08,Hawaiian Airlines,101.304635762,151.0,Carrier Delay
294,Jul-08,American Eagle Airlines,409.21529745,353.0,Carrier Delay
295,Jul-08,American Eagle Airlines,317.88317757,214.0,Weather Delay
296,Jul-08,American Eagle Airlines,374.446428571,560.0,National Airspace System Delay
297,Jul-08,Northwest Airlines,596.0625,80.0,Carrier Delay
298,Jul-08,Northwest Airlines,611.027027027,37.0,Weather Delay
299,Jul-08,Northwest Airlines,573.811764706,85.0,National Airspace System Delay
300,Jul-08,Comair,422.9408867,203.0,Carrier Delay
301,Jul-08,Comair,443.753719008,605.0,Weather Delay
302,Jul-08,Comair,553.333333333,6.0,National Airspace System Delay
303,Jul-08,SkyWest,403.962666667,375.0,Carrier Delay
304,Jul-08,SkyWest,300.893617021,94.0,Weather Delay
305,Jul-08,SkyWest,284.666666667,183.0,National Airspace System Delay
306,Jul-08,United Airlines,848.604166667,1104.0,Carrier Delay
307,Jul-08,United Airlines,928.0,158.0,Weather Delay
308,Jul-08,United Airlines,739.484848485,66.0,National Airspace System Delay
309,Jul-08,US Airways,664.925170068,441.0,Carrier Delay
310,Jul-08,US Airways,562.783783784,74.0,Weather Delay
311,Jul-08,US Airways,431.095238095,168.0,National Airspace System Delay
312,Jul-08,Southwest Airlines,412.759753593,487.0,Carrier Delay
313,Jul-08,Southwest Airlines,314.346153846,104.0,Weather Delay
314,Jul-08,Southwest Airlines,445.0,72.0,National Airspace System Delay
315,Jul-08,ExpressJet,596.625,40.0,Carrier Delay
316,Jul-08,ExpressJet,441.282352941,85.0,Weather Delay
317,Jul-08,ExpressJet,591.716621253,367.0,National Airspace System Delay
318,Jul-08,Mesa Airlines,365.88410596,302.0,Carrier Delay
319,Jul-08,Mesa Airlines,366.24,25.0,Weather Delay
320,Jul-08,Mesa Airlines,354.195876289,194.0,National Airspace System Delay
321,Jun-08,Pinnacle Airlines,526.374358974,195.0,Carrier Delay
322,Jun-08,Pinnacle Airlines,402.723076923,65.0,Weather Delay
323,Jun-08,Pinnacle Airlines,421.402298851,87.0,National Airspace System Delay
324,Jun-08,American Airlines,967.624293785,354.0,Carrier Delay
325,Jun-08,American Airlines,809.749464668,467.0,Weather Delay
326,Jun-08,American Airlines,919.207920792,202.0,National Airspace System Delay
327,Jun-08,Alaska Airlines,801.674698795,83.0,Carrier Delay
328,Jun-08,Alaska Airlines,426.333333333,21.0,Weather Delay
329,Jun-08,JetBlue Airways,1101.76,50.0,Carrier Delay
330,Jun-08,JetBlue Airways,1032.92123288,292.0,Weather Delay
331,Jun-08,JetBlue Airways,876.857142857,21.0,National Airspace System Delay
332,Jun-08,Continental Express,863.194444444,108.0,Carrier Delay
333,Jun-08,Continental Express,748.444444444,108.0,Weather Delay
334,Jun-08,Continental Express,633.5,4.0,National Airspace System Delay
335,Jun-08,Delta Air Lines,663.768976898,303.0,Carrier Delay
336,Jun-08,Delta Air Lines,294.0,51.0,Weather Delay
337,Jun-08,Delta Air Lines,428.928,125.0,National Airspace System Delay
338,Jun-08,Atlantic Southeast Airlines,439.641509434,106.0,Carrier Delay
339,Jun-08,Atlantic Southeast Airlines,589.4,5.0,Weather Delay
340,Jun-08,Atlantic Southeast Airlines,481.216216216,37.0,National Airspace System Delay
341,Jun-08,Frontier Airlines,861.4,15.0,Carrier Delay
342,Jun-08,Frontier Airlines,793.4,5.0,Weather Delay
343,Jun-08,AirTran Airways,634.443037975,79.0,Carrier Delay
344,Jun-08,AirTran Airways,812.666666667,18.0,Weather Delay
345,Jun-08,AirTran Airways,657.0,59.0,National Airspace System Delay
346,Jun-08,Hawaiian Airlines,247.235294118,17.0,Carrier Delay
347,Jun-08,American Eagle Airlines,421.954154728,349.0,Carrier Delay
348,Jun-08,American Eagle Airlines,363.816159251,854.0,Weather Delay
349,Jun-08,American Eagle Airlines,381.003021148,662.0,National Airspace System Delay
350,Jun-08,Northwest Airlines,479.946666667,225.0,Carrier Delay
351,Jun-08,Northwest Airlines,424.553191489,47.0,Weather Delay
352,Jun-08,Northwest Airlines,612.993103448,145.0,National Airspace System Delay
353,Jun-08,Comair,467.700854701,117.0,Carrier Delay
354,Jun-08,Comair,487.861328125,512.0,Weather Delay
355,Jun-08,Comair,931.0,4.0,National Airspace System Delay
356,Jun-08,SkyWest,397.980916031,262.0,Carrier Delay
357,Jun-08,SkyWest,296.88973384,263.0,Weather Delay
358,Jun-08,SkyWest,293.297921478,433.0,National Airspace System Delay
359,Jun-08,United Airlines,861.099099099,777.0,Carrier Delay
360,Jun-08,United Airlines,686.669230769,260.0,Weather Delay
361,Jun-08,United Airlines,698.101796407,167.0,National Airspace System Delay
362,Jun-08,US Airways,678.048543689,412.0,Carrier Delay
363,Jun-08,US Airways,430.113636364,44.0,Weather Delay
364,Jun-08,US Airways,386.636363636,264.0,National Airspace System Delay
365,Jun-08,Southwest Airlines,429.78700361,277.0,Carrier Delay
366,Jun-08,Southwest Airlines,348.833333333,12.0,Weather Delay
367,Jun-08,Southwest Airlines,407.891891892,37.0,National Airspace System Delay
368,Jun-08,ExpressJet,581.666666667,63.0,Carrier Delay
369,Jun-08,ExpressJet,491.818181818,330.0,Weather Delay
370,Jun-08,ExpressJet,542.072041166,583.0,National Airspace System Delay
371,Jun-08,Mesa Airlines,327.148148148,459.0,Carrier Delay
372,Jun-08,Mesa Airlines,317.606382979,94.0,Weather Delay
373,Jun-08,Mesa Airlines,406.572139303,402.0,National Airspace System Delay
374,Mar-08,Pinnacle Airlines,428.774611399,772.0,Carrier Delay
375,Mar-08,Pinnacle Airlines,398.746606335,221.0,Weather Delay
376,Mar-08,Pinnacle Airlines,422.32748538,171.0,National Airspace System Delay
377,Mar-08,American Airlines,966.430738119,989.0,Carrier Delay
378,Mar-08,American Airlines,875.48992891,1688.0,Weather Delay
379,Mar-08,American Airlines,824.471861472,231.0,National Airspace System Delay
380,Mar-08,Alaska Airlines,662.742857143,70.0,Carrier Delay
381,Mar-08,Alaska Airlines,612.818181818,11.0,Weather Delay
382,Mar-08,Alaska Airlines,1456.5,4.0,National Airspace System Delay
383,Mar-08,JetBlue Airways,1125.671875,64.0,Carrier Delay
384,Mar-08,JetBlue Airways,854.972477064,109.0,Weather Delay
385,Mar-08,JetBlue Airways,618.423076923,26.0,National Airspace System Delay
386,Mar-08,Continental Express,813.117021277,94.0,Carrier Delay
387,Mar-08,Continental Express,934.768421053,285.0,Weather Delay
388,Mar-08,Continental Express,779.428571429,14.0,National Airspace System Delay
389,Mar-08,Delta Air Lines,654.870155039,516.0,Carrier Delay
390,Mar-08,Delta Air Lines,623.475247525,202.0,Weather Delay
391,Mar-08,Delta Air Lines,465.335766423,137.0,National Airspace System Delay
392,Mar-08,Atlantic Southeast Airlines,383.752525253,198.0,Carrier Delay
393,Mar-08,Atlantic Southeast Airlines,491.301204819,166.0,Weather Delay
394,Mar-08,Atlantic Southeast Airlines,441.536585366,123.0,National Airspace System Delay
395,Mar-08,Frontier Airlines,957.833333333,6.0,Carrier Delay
396,Mar-08,Frontier Airlines,918.233333333,30.0,Weather Delay
397,Mar-08,AirTran Airways,658.108108108,74.0,Carrier Delay
398,Mar-08,AirTran Airways,778.433333333,120.0,Weather Delay
399,Mar-08,AirTran Airways,723.595744681,47.0,National Airspace System Delay
400,Mar-08,Hawaiian Airlines,103.222222222,36.0,Carrier Delay
401,Mar-08,American Eagle Airlines,433.750642674,389.0,Carrier Delay
402,Mar-08,American Eagle Airlines,388.877791563,1612.0,Weather Delay
403,Mar-08,American Eagle Airlines,357.957983193,476.0,National Airspace System Delay
404,Mar-08,American Eagle Airlines,506.5,4.0,Security Delay
405,Mar-08,Northwest Airlines,544.277456647,173.0,Carrier Delay
406,Mar-08,Northwest Airlines,487.06122449,98.0,Weather Delay
407,Mar-08,Northwest Airlines,457.979381443,97.0,National Airspace System Delay
408,Mar-08,Comair,469.978835979,189.0,Carrier Delay
409,Mar-08,Comair,483.989761092,586.0,Weather Delay
410,Mar-08,Comair,524.0,3.0,National Airspace System Delay
411,Mar-08,SkyWest,407.680107527,372.0,Carrier Delay
412,Mar-08,SkyWest,384.007662835,522.0,Weather Delay
413,Mar-08,SkyWest,331.12704918,488.0,National Airspace System Delay
414,Mar-08,United Airlines,860.428087986,591.0,Carrier Delay
415,Mar-08,United Airlines,670.823529412,272.0,Weather Delay
416,Mar-08,United Airlines,712.253521127,71.0,National Airspace System Delay
417,Mar-08,US Airways,673.918114144,403.0,Carrier Delay
418,Mar-08,US Airways,752.55,80.0,Weather Delay
419,Mar-08,US Airways,489.869158879,107.0,National Airspace System Delay
420,Mar-08,Southwest Airlines,437.714285714,511.0,Carrier Delay
421,Mar-08,Southwest Airlines,504.063768116,345.0,Weather Delay
422,Mar-08,Southwest Airlines,337.257142857,35.0,National Airspace System Delay
423,Mar-08,ExpressJet,588.546218487,238.0,Carrier Delay
424,Mar-08,ExpressJet,516.589817483,1041.0,Weather Delay
425,Mar-08,ExpressJet,552.132768362,354.0,National Airspace System Delay
426,Mar-08,Mesa Airlines,382.430594901,353.0,Carrier Delay
427,Mar-08,Mesa Airlines,269.348484848,132.0,Weather Delay
428,Mar-08,Mesa Airlines,372.324894515,237.0,National Airspace System Delay
429,May-08,Pinnacle Airlines,539.801470588,136.0,Carrier Delay
430,May-08,Pinnacle Airlines,441.913043478,46.0,Weather Delay
431,May-08,Pinnacle Airlines,427.142857143,14.0,National Airspace System Delay
432,May-08,Pinnacle Airlines,696.0,1.0,Security Delay
433,May-08,American Airlines,1087.01686341,593.0,Carrier Delay
434,May-08,American Airlines,802.061576355,406.0,Weather Delay
435,May-08,American Airlines,894.06779661,118.0,National Airspace System Delay
436,May-08,American Airlines,2342.0,2.0,Security Delay
437,May-08,Alaska Airlines,813.157024793,121.0,Carrier Delay
438,May-08,Alaska Airlines,439.5,6.0,Weather Delay
439,May-08,JetBlue Airways,939.666666667,12.0,Carrier Delay
440,May-08,JetBlue Airways,493.230769231,13.0,Weather Delay
441,May-08,JetBlue Airways,264.0,2.0,National Airspace System Delay
442,May-08,Continental Express,987.1,40.0,Carrier Delay
443,May-08,Continental Express,541.647058824,34.0,Weather Delay
444,May-08,Continental Express,709.5,6.0,National Airspace System Delay
445,May-08,Delta Air Lines,730.842105263,76.0,Carrier Delay
446,May-08,Delta Air Lines,209.857142857,7.0,Weather Delay
447,May-08,Delta Air Lines,356.328767123,73.0,National Airspace System Delay
448,May-08,Atlantic Southeast Airlines,393.403846154,52.0,Carrier Delay
449,May-08,Atlantic Southeast Airlines,539.4,5.0,National Airspace System Delay
450,May-08,Frontier Airlines,530.0,7.0,Carrier Delay
451,May-08,Frontier Airlines,533.0,2.0,Weather Delay
452,May-08,AirTran Airways,585.3,70.0,Carrier Delay
453,May-08,AirTran Airways,629.25,12.0,Weather Delay
454,May-08,AirTran Airways,769.857142857,28.0,National Airspace System Delay
455,May-08,Hawaiian Airlines,115.6,15.0,Carrier Delay
456,May-08,American Eagle Airlines,400.963636364,330.0,Carrier Delay
457,May-08,American Eagle Airlines,374.887201735,461.0,Weather Delay
458,May-08,American Eagle Airlines,334.192682927,410.0,National Airspace System Delay
459,May-08,Northwest Airlines,500.175,80.0,Carrier Delay
460,May-08,Northwest Airlines,454.615384615,13.0,Weather Delay
461,May-08,Northwest Airlines,502.709677419,31.0,National Airspace System Delay
462,May-08,Comair,603.323529412,34.0,Carrier Delay
463,May-08,Comair,512.756410256,156.0,Weather Delay
464,May-08,SkyWest,429.882352941,153.0,Carrier Delay
465,May-08,SkyWest,350.203883495,103.0,Weather Delay
466,May-08,SkyWest,324.497354497,189.0,National Airspace System Delay
467,May-08,United Airlines,785.803339518,539.0,Carrier Delay
468,May-08,United Airlines,764.807017544,57.0,Weather Delay
469,May-08,United Airlines,642.598360656,122.0,National Airspace System Delay
470,May-08,US Airways,676.066666667,240.0,Carrier Delay
471,May-08,US Airways,278.375,8.0,Weather Delay
472,May-08,US Airways,467.317757009,107.0,National Airspace System Delay
473,May-08,Southwest Airlines,413.561933535,331.0,Carrier Delay
474,May-08,Southwest Airlines,298.9375,16.0,Weather Delay
475,May-08,Southwest Airlines,472.428571429,28.0,National Airspace System Delay
476,May-08,ExpressJet,581.033333333,30.0,Carrier Delay
477,May-08,ExpressJet,505.04109589,73.0,Weather Delay
478,May-08,ExpressJet,573.102484472,322.0,National Airspace System Delay
479,May-08,Mesa Airlines,383.906040268,298.0,Carrier Delay
480,May-08,Mesa Airlines,149.0625,48.0,Weather Delay
481,May-08,Mesa Airlines,350.516339869,153.0,National Airspace System Delay
482,Nov-08,Pinnacle Airlines,404.209090909,220.0,Carrier Delay
483,Nov-08,Pinnacle Airlines,347.2,50.0,Weather Delay
484,Nov-08,Pinnacle Airlines,364.916666667,12.0,National Airspace System Delay
485,Nov-08,American Airlines,1038.58396947,262.0,Carrier Delay
486,Nov-08,American Airlines,767.217391304,92.0,Weather Delay
487,Nov-08,American Airlines,1025.8,50.0,National Airspace System Delay
488,Nov-08,Alaska Airlines,574.12244898,49.0,Carrier Delay
489,Nov-08,Alaska Airlines,386.0,12.0,Weather Delay
490,Nov-08,Alaska Airlines,679.0,4.0,National Airspace System Delay
491,Nov-08,JetBlue Airways,881.85,20.0,Carrier Delay
492,Nov-08,JetBlue Airways,784.222222222,90.0,Weather Delay
493,Nov-08,Continental Express,1110.25,16.0,Carrier Delay
494,Nov-08,Continental Express,509.75,8.0,Weather Delay
495,Nov-08,Continental Express,1597.0,4.0,National Airspace System Delay
496,Nov-08,Delta Air Lines,745.683673469,196.0,Carrier Delay
497,Nov-08,Delta Air Lines,430.7,10.0,Weather Delay
498,Nov-08,Delta Air Lines,405.925531915,94.0,National Airspace System Delay
499,Nov-08,Atlantic Southeast Airlines,372.8125,64.0,Carrier Delay
500,Nov-08,Atlantic Southeast Airlines,412.0,33.0,Weather Delay
501,Nov-08,Atlantic Southeast Airlines,425.333333333,60.0,National Airspace System Delay
502,Nov-08,Frontier Airlines,728.0,12.0,Carrier Delay
503,Nov-08,Frontier Airlines,789.0,5.0,Weather Delay
504,Nov-08,AirTran Airways,639.216216216,37.0,Carrier Delay
505,Nov-08,AirTran Airways,689.375,16.0,Weather Delay
506,Nov-08,AirTran Airways,652.483870968,31.0,National Airspace System Delay
507,Nov-08,Hawaiian Airlines,309.05,60.0,Carrier Delay
508,Nov-08,American Eagle Airlines,401.539215686,102.0,Carrier Delay
509,Nov-08,American Eagle Airlines,285.96875,96.0,Weather Delay
510,Nov-08,American Eagle Airlines,350.622093023,172.0,National Airspace System Delay
511,Nov-08,Northwest Airlines,734.484848485,33.0,Carrier Delay
512,Nov-08,Northwest Airlines,459.714285714,7.0,Weather Delay
513,Nov-08,Northwest Airlines,579.272727273,11.0,National Airspace System Delay
514,Nov-08,Comair,535.409090909,22.0,Carrier Delay
515,Nov-08,Comair,487.634328358,134.0,Weather Delay
516,Nov-08,Comair,590.0,2.0,National Airspace System Delay
517,Nov-08,SkyWest,419.603448276,116.0,Carrier Delay
518,Nov-08,SkyWest,270.633027523,218.0,Weather Delay
519,Nov-08,SkyWest,257.611111111,126.0,National Airspace System Delay
520,Nov-08,United Airlines,879.442211055,199.0,Carrier Delay
521,Nov-08,United Airlines,744.814814815,27.0,Weather Delay
522,Nov-08,United Airlines,924.821428571,28.0,National Airspace System Delay
523,Nov-08,US Airways,499.991525424,236.0,Carrier Delay
524,Nov-08,US Airways,265.636363636,11.0,Weather Delay
525,Nov-08,US Airways,333.916666667,72.0,National Airspace System Delay
526,Nov-08,Southwest Airlines,504.891396333,709.0,Carrier Delay
527,Nov-08,Southwest Airlines,382.48,50.0,Weather Delay
528,Nov-08,Southwest Airlines,496.26,100.0,National Airspace System Delay
529,Nov-08,Southwest Airlines,325.0,2.0,Security Delay
530,Nov-08,ExpressJet,509.5,6.0,Carrier Delay
531,Nov-08,ExpressJet,299.375,8.0,Weather Delay
532,Nov-08,ExpressJet,575.432692308,208.0,National Airspace System Delay
533,Nov-08,Mesa Airlines,305.98013245,151.0,Carrier Delay
534,Nov-08,Mesa Airlines,268.442857143,70.0,Weather Delay
535,Nov-08,Mesa Airlines,244.514285714,35.0,National Airspace System Delay
536,Oct-08,Pinnacle Airlines,454.9609375,128.0,Carrier Delay
537,Oct-08,Pinnacle Airlines,227.75,8.0,Weather Delay
538,Oct-08,Pinnacle Airlines,419.571428571,7.0,National Airspace System Delay
539,Oct-08,American Airlines,1014.43933054,239.0,Carrier Delay
540,Oct-08,American Airlines,684.6,10.0,Weather Delay
541,Oct-08,American Airlines,1037.33333333,72.0,National Airspace System Delay
542,Oct-08,Alaska Airlines,737.476923077,65.0,Carrier Delay
543,Oct-08,Alaska Airlines,508.884615385,26.0,Weather Delay
544,Oct-08,Alaska Airlines,679.0,2.0,National Airspace System Delay
545,Oct-08,JetBlue Airways,689.076923077,13.0,Carrier Delay
546,Oct-08,JetBlue Airways,665.282051282,39.0,Weather Delay
547,Oct-08,Continental Express,754.678571429,28.0,Carrier Delay
548,Oct-08,Continental Express,592.0,26.0,Weather Delay
549,Oct-08,Continental Express,1013.0,6.0,National Airspace System Delay
550,Oct-08,Delta Air Lines,552.204545455,176.0,Carrier Delay
551,Oct-08,Delta Air Lines,600.285714286,14.0,Weather Delay
552,Oct-08,Delta Air Lines,358.351351351,37.0,National Airspace System Delay
553,Oct-08,Atlantic Southeast Airlines,498.575,40.0,Carrier Delay
554,Oct-08,Atlantic Southeast Airlines,341.578947368,19.0,Weather Delay
555,Oct-08,Atlantic Southeast Airlines,354.904761905,21.0,National Airspace System Delay
556,Oct-08,Frontier Airlines,632.642857143,14.0,Carrier Delay
557,Oct-08,AirTran Airways,556.727272727,22.0,Carrier Delay
558,Oct-08,AirTran Airways,694.5,4.0,Weather Delay
559,Oct-08,AirTran Airways,616.051282051,39.0,National Airspace System Delay
560,Oct-08,Hawaiian Airlines,217.192307692,26.0,Carrier Delay
561,Oct-08,Hawaiian Airlines,102.0,1.0,Weather Delay
562,Oct-08,American Eagle Airlines,423.686956522,115.0,Carrier Delay
563,Oct-08,American Eagle Airlines,270.95890411,73.0,Weather Delay
564,Oct-08,American Eagle Airlines,319.906542056,107.0,National Airspace System Delay
565,Oct-08,Northwest Airlines,509.75862069,29.0,Carrier Delay
566,Oct-08,Northwest Airlines,729.833333333,12.0,National Airspace System Delay
567,Oct-08,Comair,562.5,6.0,Carrier Delay
568,Oct-08,Comair,487.468085106,47.0,Weather Delay
569,Oct-08,SkyWest,397.75,112.0,Carrier Delay
570,Oct-08,SkyWest,237.482014388,139.0,Weather Delay
571,Oct-08,SkyWest,282.23255814,43.0,National Airspace System Delay
572,Oct-08,United Airlines,864.352040816,196.0,Carrier Delay
573,Oct-08,United Airlines,622.631578947,19.0,Weather Delay
574,Oct-08,United Airlines,506.695652174,23.0,National Airspace System Delay
575,Oct-08,US Airways,623.248730964,197.0,Carrier Delay
576,Oct-08,US Airways,395.8,10.0,Weather Delay
577,Oct-08,US Airways,364.04,50.0,National Airspace System Delay
578,Oct-08,Southwest Airlines,436.947265625,512.0,Carrier Delay
579,Oct-08,Southwest Airlines,370.288461538,52.0,Weather Delay
580,Oct-08,Southwest Airlines,498.285714286,56.0,National Airspace System Delay
581,Oct-08,ExpressJet,702.0,2.0,Carrier Delay
582,Oct-08,ExpressJet,530.547945205,73.0,Weather Delay
583,Oct-08,ExpressJet,533.4375,64.0,National Airspace System Delay
584,Oct-08,Mesa Airlines,341.299435028,177.0,Carrier Delay
585,Oct-08,Mesa Airlines,238.75,40.0,Weather Delay
586,Oct-08,Mesa Airlines,206.307692308,13.0,National Airspace System Delay
587,Sep-08,Pinnacle Airlines,501.245454545,110.0,Carrier Delay
588,Sep-08,Pinnacle Airlines,470.090909091,110.0,Weather Delay
589,Sep-08,Pinnacle Airlines,515.023255814,43.0,National Airspace System Delay
590,Sep-08,American Airlines,970.105740181,331.0,Carrier Delay
591,Sep-08,American Airlines,650.965156794,287.0,Weather Delay
592,Sep-08,American Airlines,889.441860465,86.0,National Airspace System Delay
593,Sep-08,Alaska Airlines,815.52173913,46.0,Carrier Delay
594,Sep-08,Alaska Airlines,484.333333333,21.0,Weather Delay
595,Sep-08,JetBlue Airways,753.3,10.0,Carrier Delay
596,Sep-08,JetBlue Airways,807.493150685,146.0,Weather Delay
597,Sep-08,Continental Express,851.727272727,44.0,Carrier Delay
598,Sep-08,Continental Express,1001.83002383,1259.0,Weather Delay
599,Sep-08,Continental Express,1024.0,1.0,National Airspace System Delay
600,Sep-08,Delta Air Lines,649.917197452,157.0,Carrier Delay
601,Sep-08,Delta Air Lines,624.307189542,153.0,Weather Delay
602,Sep-08,Delta Air Lines,579.203703704,108.0,National Airspace System Delay
603,Sep-08,Atlantic Southeast Airlines,357.107142857,28.0,Carrier Delay
604,Sep-08,Atlantic Southeast Airlines,438.816091954,174.0,Weather Delay
605,Sep-08,Atlantic Southeast Airlines,311.823529412,17.0,National Airspace System Delay
606,Sep-08,Frontier Airlines,739.222222222,9.0,Carrier Delay
607,Sep-08,Frontier Airlines,824.333333333,24.0,Weather Delay
608,Sep-08,AirTran Airways,578.543478261,46.0,Carrier Delay
609,Sep-08,AirTran Airways,504.450549451,91.0,Weather Delay
610,Sep-08,AirTran Airways,612.666666667,30.0,National Airspace System Delay
611,Sep-08,Hawaiian Airlines,100.0,11.0,Carrier Delay
612,Sep-08,American Eagle Airlines,387.484304933,223.0,Carrier Delay
613,Sep-08,American Eagle Airlines,371.260215054,465.0,Weather Delay
614,Sep-08,American Eagle Airlines,357.131756757,296.0,National Airspace System Delay
615,Sep-08,Northwest Airlines,586.029411765,34.0,Carrier Delay
616,Sep-08,Northwest Airlines,352.65625,32.0,Weather Delay
617,Sep-08,Northwest Airlines,687.267857143,56.0,National Airspace System Delay
618,Sep-08,Comair,525.864864865,37.0,Carrier Delay
619,Sep-08,Comair,534.133333333,285.0,Weather Delay
620,Sep-08,Comair,1232.63636364,11.0,National Airspace System Delay
621,Sep-08,SkyWest,379.25,136.0,Carrier Delay
622,Sep-08,SkyWest,607.042253521,142.0,Weather Delay
623,Sep-08,SkyWest,250.936,125.0,National Airspace System Delay
624,Sep-08,SkyWest,237.0,1.0,Security Delay
625,Sep-08,United Airlines,959.167567568,185.0,Carrier Delay
626,Sep-08,United Airlines,1011.88695652,115.0,Weather Delay
627,Sep-08,United Airlines,604.076923077,39.0,National Airspace System Delay
628,Sep-08,US Airways,487.102941176,204.0,Carrier Delay
629,Sep-08,US Airways,713.375,120.0,Weather Delay
630,Sep-08,US Airways,444.6,100.0,National Airspace System Delay
631,Sep-08,Southwest Airlines,522.47826087,460.0,Carrier Delay
632,Sep-08,Southwest Airlines,543.97247191,1780.0,Weather Delay
633,Sep-08,Southwest Airlines,480.173913043,46.0,National Airspace System Delay
634,Sep-08,ExpressJet,583.944444444,18.0,Carrier Delay
635,Sep-08,ExpressJet,583.918852459,1220.0,Weather Delay
636,Sep-08,ExpressJet,573.13740458,131.0,National Airspace System Delay
637,Sep-08,Mesa Airlines,383.242038217,157.0,Carrier Delay
638,Sep-08,Mesa Airlines,399.611111111,54.0,Weather Delay
639,Sep-08,Mesa Airlines,407.484848485,99.0,National Airspace System Delay
